{
 "neon_gb": 8.168344405257677,
 "csv_gb": 11.036288933828473,
 "backfill_min": 45.485237495467956,
 "bucket_ratio": {
  "<10 KB": 7.575389423000271,
  "10\u2013100 KB": 2.450305530238254,
  "100 KB\u20131 MB": 1.2617090926248897,
  "1\u201310 MB": 0.799725349771659,
  "10\u2013100 MB": 0.7203138888171825,
  ">100 MB": 0.7344131441355284
 },
 "bucket_thru": {
  "<10 KB": 0.005910613320090554,
  "10\u2013100 KB": 0.07284451899916362,
  "100 KB\u20131 MB": 0.5853637320096375,
  "1\u201310 MB": 3.2904508970659436,
  "10\u2013100 MB": 6.899061259433363,
  ">100 MB": 8.007964588326516
 }
}