{
 "n": 200,
 "csv_bytes": 2290904513,
 "pred_neon_bytes": 1687918352.0784876,
 "pred_copy_secs": 374.72730627954843
}